{"cameraMode":{"drawMode":0,"name":"Shaded","section":"Shading Mode"},"sceneLighting":false,"audioPlay":false,"sceneViewState":{"m_AlwaysRefresh":false,"showFog":true,"showSkybox":false,"showFlares":true,"showImageEffects":true,"showParticleSystems":true,"showVisualEffectGraphs":true,"m_FxEnabled":true},"in2DMode":false,"pivot":{"x":-0.4132114350795746,"y":0.1418389081954956,"z":0.0411173477768898},"rotation":{"x":0.28689029812812807,"y":-0.011495135724544526,"z":0.0034420087467879059,"w":0.9578909277915955},"size":0.2754366993904114,"orthographic":false}