{"cameraMode":{"drawMode":0,"name":"Shaded","section":"Shading Mode"},"sceneLighting":true,"audioPlay":false,"sceneViewState":{"m_AlwaysRefresh":false,"showFog":true,"showSkybox":true,"showFlares":true,"showImageEffects":true,"showParticleSystems":true,"showVisualEffectGraphs":true,"m_FxEnabled":true},"in2DMode":false,"pivot":{"x":-1.0912840366363526,"y":-0.5638295412063599,"z":2.0735244750976564},"rotation":{"x":0.23447057604789735,"y":-0.05073748528957367,"z":0.012242205440998078,"w":0.9707300662994385},"size":1.9952037334442139,"orthographic":false}