{"cameraMode":{"drawMode":0,"name":"Shaded","section":"Shading Mode"},"sceneLighting":true,"audioPlay":false,"sceneViewState":{"m_AlwaysRefresh":false,"showFog":true,"showSkybox":true,"showFlares":true,"showImageEffects":true,"showParticleSystems":true,"showVisualEffectGraphs":true,"m_FxEnabled":true},"in2DMode":false,"pivot":{"x":-1.7012805938720704,"y":-3.0838074684143068,"z":-36.557945251464847},"rotation":{"x":0.0010986222187057138,"y":-0.9983536005020142,"z":0.05396368354558945,"w":0.02004804089665413},"size":19.73241424560547,"orthographic":false}