{"cameraMode":{"drawMode":0,"name":"Shaded","section":"Shading Mode"},"sceneLighting":false,"audioPlay":false,"sceneViewState":{"m_AlwaysRefresh":false,"showFog":true,"showSkybox":false,"showFlares":true,"showImageEffects":true,"showParticleSystems":true,"showVisualEffectGraphs":true,"m_FxEnabled":true},"in2DMode":false,"pivot":{"x":0.7710000276565552,"y":0.4650000333786011,"z":0.30300000309944155},"rotation":{"x":0.05484887212514877,"y":-0.7083631157875061,"z":0.05534934625029564,"w":0.7015613913536072},"size":0.23184046149253846,"orthographic":false}